Iteration,2 Features Training Error (%),2 Features Testing Error (%),4 Features Training Error (%),4 Features Testing Error (%),6 Features Training Error (%),6 Features Testing Error (%)
0,9.22,15.36,9.96,16.7,9.96,15.8
1,15.58,23.1,16.56,23.24,16.939999999999998,22.88
2,7.140000000000001,13.62,7.28,13.72,7.26,13.88
3,10.04,18.32,10.74,17.52,9.98,16.8
4,6.4,13.6,6.279999999999999,12.64,6.460000000000001,12.98
5,8.72,16.66,8.6,15.02,8.3,15.3
6,5.86,13.58,6.12,12.4,6.0,12.62
7,7.56,15.56,7.779999999999999,14.42,7.56,14.14
8,5.54,12.8,5.779999999999999,12.24,6.08,12.18
9,6.945,14.750000000000002,7.3020000000000005,13.783999999999999,6.9399999999999995,13.601999999999999
10,5.29,12.695559999999999,5.518,11.789000000000001,5.87,12.450000000000001
11,6.395,13.787,6.592,13.205,6.948199999999999,13.6408
12,5.045,12.450000000000001,5.462,11.723999999999998,5.3,12.421999999999999
13,6.3100000000000005,13.795559999999998,6.478000000000001,13.149000000000001,6.61,13.53
14,5.255,12.567,5.292,11.845,5.3282,12.1808
15,6.365,13.49,5.941999999999999,12.783999999999999,6.24,13.181999999999999
16,5.23,12.515559999999999,5.218,11.829,5.329999999999999,12.290000000000001
17,6.135,13.167,5.8919999999999995,12.645000000000001,6.1082,13.1808
18,5.2250000000000005,12.17,4.981999999999999,11.924,5.18,12.021999999999998
19,5.83,12.995559999999998,5.797999999999999,12.609,6.01,12.790000000000001
20,5.154999999999999,12.127,5.071999999999999,11.745000000000001,5.2282,12.0208
21,5.665,12.790000000000001,5.622,12.344,5.84,12.622
22,5.010000000000001,12.055559999999998,5.018,11.789000000000001,5.25,11.89
23,5.655,12.487,5.771999999999999,12.325000000000001,5.7482,12.660799999999998
24,4.825,11.85,4.981999999999999,11.803999999999998,5.04,11.882
25,5.390000000000001,12.535559999999998,5.478,12.229000000000001,5.83,12.43
26,4.875,11.847,5.071999999999999,11.725000000000001,5.1682,11.7608
27,5.485,12.19,5.322,12.443999999999999,5.76,12.382
28,4.930000000000001,11.895559999999998,4.998,11.789000000000001,5.23,11.67
29,5.475,12.127,5.311999999999999,12.385000000000002,5.5682,12.2208
30,4.825,11.75,4.962,11.984,5.1,11.622
31,5.29,12.195559999999999,5.398,12.349,5.529999999999999,11.93
32,4.895,11.847,5.032,11.965000000000002,5.2482,11.6008
33,5.1049999999999995,12.11,5.322,12.143999999999998,5.4799999999999995,11.962
34,4.7700000000000005,11.775559999999999,4.998,11.749,5.1899999999999995,11.51
35,5.234999999999999,11.907,5.412,12.145000000000001,5.5282,11.8408
36,4.925,11.63,4.902,11.664,5.16,11.341999999999999
37,5.31,12.095559999999999,5.358,12.189,5.6499999999999995,11.75
38,5.114999999999999,11.667,4.9319999999999995,11.745000000000001,5.2682,11.4008
39,5.345,12.03,5.241999999999999,12.264,5.5,11.761999999999999
40,5.03,11.855559999999999,4.938,11.849,5.27,11.39
41,5.374999999999999,11.867,5.351999999999999,12.225000000000001,5.5081999999999995,11.7808
42,4.945,11.63,4.7219999999999995,11.844,5.08,11.322
43,5.31,12.135559999999998,5.337999999999999,12.069,5.45,11.61
44,4.995,11.647,4.992,11.625,5.0882,11.3608
45,5.2250000000000005,11.97,5.202,12.024,5.42,11.581999999999999
46,4.87,11.755559999999997,4.958,11.529,5.09,11.31
47,5.395,11.867,5.232,11.825000000000001,5.4282,11.5208
48,4.945,11.43,4.842,11.484,5.16,11.282
49,5.29,12.035559999999998,5.278,11.689,5.529999999999999,11.47
50,4.995,11.607,4.992,11.365,5.2482,11.3208
51,5.305,11.89,5.142,11.664,5.5,11.501999999999999
52,5.03,11.695559999999999,4.958,11.509,5.37,11.27
53,5.455,11.827,5.132,11.745000000000001,5.5282,11.5808
54,5.1450000000000005,11.59,4.802,11.443999999999999,5.28,11.382
55,5.3500000000000005,11.895559999999998,5.178,11.669,5.59,11.61
56,5.015,11.467,4.9319999999999995,11.345,5.2882,11.3608
57,5.305,11.73,5.202,11.664,5.4,11.562
58,4.930000000000001,11.635559999999998,5.038,11.329,5.25,11.31
59,5.234999999999999,11.727,5.191999999999999,11.645000000000001,5.4682,11.5808
60,4.965,11.49,4.822,11.383999999999999,5.12,11.382
61,5.29,11.855559999999999,5.117999999999999,11.609,5.37,11.47
62,5.055,11.547,4.912,11.365,5.1282000000000005,11.3608
63,5.165,11.65,5.062,11.744,5.38,11.542
64,4.930000000000001,11.595559999999999,4.898,11.269,5.23,11.370000000000001
65,5.175,11.647,5.292,11.465000000000002,5.3282,11.5008
66,4.905,11.51,5.002,11.164,5.1,11.282
67,5.11,11.875559999999998,5.358,11.489,5.41,11.59
68,4.975,11.547,4.992,11.265,5.0882,11.4008
69,5.185,11.71,5.202,11.584,5.3,11.562
70,4.85,11.675559999999997,4.938,11.289000000000001,5.17,11.23
71,5.234999999999999,11.747,5.252,11.545,5.4482,11.5208
72,4.885,11.59,4.802,11.424,5.0600000000000005,11.282
73,5.19,11.815559999999998,5.117999999999999,11.529,5.43,11.55
74,4.975,11.547,4.952,11.285,5.1482,11.3808
75,5.265,11.63,5.062,11.604,5.4,11.482
76,5.010000000000001,11.555559999999998,4.938,11.389000000000001,5.29,11.39
77,5.295,11.507,5.292,11.545,5.4082,11.6208
78,4.985,11.35,4.882,11.404,5.1,11.581999999999999
79,5.210000000000001,11.595559999999999,5.218,11.529,5.43,11.63
80,5.035,11.347,4.9719999999999995,11.305000000000001,5.1882,11.5208
81,5.2250000000000005,11.41,5.082,11.563999999999998,5.32,11.661999999999999
82,5.03,11.415559999999997,4.958,11.289000000000001,5.23,11.43
83,5.335,11.387,5.271999999999999,11.525,5.4482,11.5808
84,5.085,11.19,4.922,11.244,5.12,11.421999999999999
85,5.19,11.575559999999998,5.1979999999999995,11.389000000000001,5.29,11.61
86,5.135,11.247,5.132,11.225000000000001,5.0482,11.5008
87,5.245,11.370000000000001,5.122,11.484,5.22,11.562
88,5.03,11.315559999999998,5.098,11.229000000000001,5.23,11.370000000000001
89,5.215,11.307,5.271999999999999,11.505,5.3682,11.6208
90,5.045,11.17,5.002,11.363999999999999,5.08,11.462
91,5.23,11.495559999999998,5.278,11.449000000000002,5.39,11.59
92,5.114999999999999,11.127,5.012,11.305000000000001,5.1682,11.540799999999999
93,5.185,11.35,5.1819999999999995,11.443999999999999,5.34,11.601999999999999
94,5.03,11.335559999999997,5.117999999999999,11.289000000000001,5.17,11.55
95,5.275,11.347,5.191999999999999,11.525,5.3282,11.6208
96,5.045,11.05,4.902,11.363999999999999,5.12,11.501999999999999
97,5.210000000000001,11.435559999999999,5.258,11.409,5.35,11.61
98,5.135,11.087,5.032,11.265,5.1482,11.4408
99,5.185,11.41,5.1819999999999995,11.504,5.239999999999999,11.482
100,4.930000000000001,11.355559999999999,5.138,11.289000000000001,5.109999999999999,11.39
101,5.195,11.327,5.191999999999999,11.485000000000001,5.2882,11.5608
102,4.885,11.17,5.021999999999999,11.203999999999999,5.02,11.402
103,5.15,11.515559999999999,5.158,11.369000000000002,5.31,11.47
104,5.035,11.227,5.111999999999999,11.225000000000001,5.1482,11.4408
105,5.205,11.290000000000001,5.101999999999999,11.324,5.26,11.542
106,5.07,11.315559999999998,5.058,11.229000000000001,5.21,11.31
107,5.295,11.207,5.212,11.325000000000001,5.3282,11.5208
108,5.0649999999999995,11.13,5.002,11.264,5.1,11.362
109,5.25,11.435559999999999,5.358,11.289000000000001,5.37,11.450000000000001
110,5.135,11.187,5.212,11.225000000000001,5.208200000000001,11.3008
111,5.265,11.33,5.2219999999999995,11.324,5.22,11.382
112,5.07,11.395559999999998,5.138,11.089,5.25,11.25
113,5.234999999999999,11.347,5.252,11.305000000000001,5.3282,11.4208
114,5.005,11.31,5.021999999999999,11.184,5.16,11.322
115,5.210000000000001,11.515559999999999,5.1979999999999995,11.369000000000002,5.329999999999999,11.41
116,5.095,11.287,5.052,11.165000000000001,5.1682,11.3208
117,5.165,11.35,5.082,11.344,5.28,11.482
118,5.010000000000001,11.455559999999998,5.058,11.129000000000001,5.27,11.370000000000001
119,5.234999999999999,11.367,5.212,11.365,5.3482,11.5008
120,5.045,11.290000000000001,4.942,11.264,5.18,11.261999999999999
121,5.130000000000001,11.455559999999998,5.178,11.409,5.37,11.41
122,5.075,11.287,4.992,11.265,5.2682,11.3208
123,5.1049999999999995,11.370000000000001,5.042,11.484,5.28,11.402
124,5.05,11.455559999999998,5.038,11.289000000000001,5.27,11.31
125,5.234999999999999,11.367,5.212,11.385000000000002,5.3882,11.4008
126,5.0649999999999995,11.31,4.981999999999999,11.283999999999999,5.239999999999999,11.302
127,5.11,11.535559999999998,5.178,11.349,5.39,11.370000000000001
128,5.075,11.367,5.092,11.245000000000001,5.2882,11.2808
129,5.1450000000000005,11.43,5.122,11.363999999999999,5.3,11.402
130,5.05,11.475559999999998,5.138,11.189,5.31,11.25
131,5.275,11.347,5.212,11.325000000000001,5.3882,11.3808
132,5.1049999999999995,11.27,4.942,11.244,5.2,11.282
133,5.19,11.435559999999999,5.158,11.269,5.37,11.370000000000001
134,5.114999999999999,11.267,5.052,11.245000000000001,5.2482,11.3208
135,5.165,11.31,5.082,11.404,5.26,11.322
136,4.99,11.395559999999998,5.038,11.309000000000001,5.27,11.25
137,5.175,11.327,5.212,11.365,5.3282,11.4208
138,5.025,11.290000000000001,5.002,11.344,5.08,11.261999999999999
139,5.17,11.475559999999998,5.178,11.369000000000002,5.35,11.370000000000001
140,5.114999999999999,11.267,5.111999999999999,11.325000000000001,5.1882,11.3408
141,5.205,11.35,5.062,11.404,5.22,11.482
142,5.07,11.455559999999998,5.138,11.369000000000002,5.13,11.33
143,5.215,11.347,5.132,11.405000000000001,5.208200000000001,11.4608
144,5.0649999999999995,11.290000000000001,5.021999999999999,11.324,5.0600000000000005,11.382
145,5.19,11.495559999999998,5.1979999999999995,11.389000000000001,5.329999999999999,11.49
146,5.154999999999999,11.327,5.111999999999999,11.305000000000001,5.208200000000001,11.3608
147,5.125,11.370000000000001,5.122,11.404,5.2,11.482
148,5.05,11.475559999999998,5.158,11.269,5.09,11.370000000000001
149,5.295,11.387,5.212,11.365,5.1882,11.4808
150,5.1049999999999995,11.290000000000001,5.062,11.244,5.0600000000000005,11.341999999999999
151,5.15,11.515559999999999,5.1979999999999995,11.309000000000001,5.31,11.450000000000001
152,5.154999999999999,11.307,5.092,11.225000000000001,5.0882,11.4208
153,5.125,11.31,5.082,11.344,5.18,11.402
154,5.11,11.415559999999997,5.077999999999999,11.249,5.109999999999999,11.35
155,5.215,11.347,5.212,11.365,5.2682,11.4608
156,5.1049999999999995,11.27,4.962,11.303999999999998,5.0600000000000005,11.341999999999999
157,5.15,11.495559999999998,5.218,11.329,5.21,11.47
158,5.095,11.327,4.992,11.265,5.0882,11.3408
159,5.125,11.43,5.062,11.424,5.1,11.402
160,5.03,11.495559999999998,5.077999999999999,11.269,5.069999999999999,11.31
161,5.135,11.427,5.152,11.425,5.1882,11.3808
162,5.045,11.35,4.942,11.264,5.04,11.282
163,5.09,11.615559999999999,5.138,11.349,5.23,11.43
164,5.095,11.387,5.032,11.285,5.0282,11.3008
165,5.1049999999999995,11.39,5.082,11.383999999999999,5.140000000000001,11.382
166,5.05,11.495559999999998,5.077999999999999,11.209000000000001,5.09,11.290000000000001
167,5.135,11.547,5.111999999999999,11.325000000000001,5.208200000000001,11.4208
168,4.965,11.39,4.922,11.264,5.04,11.282
169,5.05,11.655559999999998,5.138,11.309000000000001,5.25,11.370000000000001
170,5.015,11.447000000000001,5.012,11.225000000000001,5.1082,11.3208
171,5.1049999999999995,11.47,5.062,11.424,5.22,11.341999999999999
172,4.930000000000001,11.575559999999998,4.978,11.269,5.109999999999999,11.27
173,5.154999999999999,11.527,5.132,11.365,5.1882,11.3208
174,4.925,11.450000000000001,4.902,11.283999999999999,5.0,11.282
175,4.970000000000001,11.655559999999998,5.117999999999999,11.429,5.21,11.33
176,5.015,11.427,4.9719999999999995,11.405000000000001,5.0282,11.3008
177,5.045,11.450000000000001,5.002,11.484,5.16,11.322
178,4.890000000000001,11.555559999999998,5.018,11.229000000000001,5.15,11.31
179,5.035,11.487,5.092,11.385000000000002,5.2882,11.3408
180,4.925,11.450000000000001,4.962,11.244,5.0600000000000005,11.241999999999999
181,5.03,11.655559999999998,5.077999999999999,11.349,5.31,11.290000000000001
182,4.995,11.487,5.032,11.305000000000001,5.0882,11.2408
183,5.085,11.57,5.021999999999999,11.463999999999999,5.2,11.261999999999999
184,4.95,11.675559999999997,5.018,11.269,5.109999999999999,11.27
185,5.095,11.527,5.032,11.465000000000002,5.1882,11.3008
186,4.945,11.49,4.922,11.363999999999999,5.02,11.241999999999999
187,4.970000000000001,11.715559999999998,5.077999999999999,11.349,5.25,11.27
188,4.955,11.487,4.992,11.305000000000001,5.0882,11.2808
189,4.965,11.55,5.021999999999999,11.404,5.22,11.302
190,4.83,11.655559999999998,4.998,11.249,5.13,11.27
191,4.975,11.567,5.092,11.365,5.308199999999999,11.3408
192,4.805,11.47,4.902,11.264,5.04,11.261999999999999
193,4.95,11.615559999999999,5.077999999999999,11.329,5.23,11.35
194,4.955,11.407,4.992,11.285,5.1482,11.2408
195,5.025,11.53,5.002,11.383999999999999,5.16,11.341999999999999
196,4.890000000000001,11.595559999999999,4.978,11.309000000000001,5.05,11.27
197,5.055,11.607,5.012,11.405000000000001,5.2682,11.3608
198,4.945,11.49,4.822,11.344,5.08,11.302
199,4.970000000000001,11.655559999999998,5.038,11.409,5.31,11.370000000000001
200,4.975,11.427,4.9319999999999995,11.305000000000001,5.1682,11.3008
201,5.025,11.49,4.942,11.424,5.26,11.341999999999999
202,4.95,11.575559999999998,4.898,11.309000000000001,5.23,11.35
203,5.055,11.487,4.9719999999999995,11.385000000000002,5.308199999999999,11.4008
204,4.985,11.450000000000001,4.802,11.363999999999999,5.12,11.302
205,5.05,11.655559999999998,5.018,11.369000000000002,5.37,11.35
206,5.015,11.447000000000001,4.992,11.345,5.1682,11.3208
207,5.045,11.49,4.981999999999999,11.443999999999999,5.3,11.402
208,4.91,11.575559999999998,4.978,11.349,5.25,11.33
209,5.075,11.447000000000001,5.032,11.405000000000001,5.4282,11.4208
210,4.905,11.41,4.902,11.363999999999999,5.16,11.322
211,4.99,11.615559999999999,5.038,11.509,5.35,11.41
212,4.935,11.407,4.992,11.425,5.208200000000001,11.3408
213,5.005,11.450000000000001,4.981999999999999,11.543999999999999,5.28,11.402
214,4.91,11.575559999999998,4.998,11.409,5.23,11.370000000000001
215,5.015,11.467,5.071999999999999,11.465000000000002,5.2482,11.4408
216,4.885,11.450000000000001,4.882,11.443999999999999,5.16,11.402
217,4.930000000000001,11.655559999999998,5.038,11.489,5.29,11.47
218,4.955,11.447000000000001,4.9319999999999995,11.385000000000002,5.2282,11.4008
219,4.925,11.49,4.922,11.543999999999999,5.239999999999999,11.462
220,4.890000000000001,11.575559999999998,4.958,11.449000000000002,5.25,11.450000000000001
221,5.015,11.467,5.092,11.485000000000001,5.3482,11.5208
222,4.885,11.43,4.862,11.463999999999999,5.2,11.442
223,4.95,11.615559999999999,5.077999999999999,11.489,5.35,11.49
224,4.955,11.427,4.952,11.445,5.2282,11.4208
225,4.965,11.450000000000001,4.962,11.524,5.3,11.421999999999999
226,4.91,11.555559999999998,4.998,11.449000000000002,5.27,11.33
227,5.015,11.447000000000001,5.032,11.485000000000001,5.2682,11.4408
228,4.925,11.43,4.882,11.463999999999999,5.0600000000000005,11.341999999999999
229,4.930000000000001,11.575559999999998,5.077999999999999,11.469000000000001,5.27,11.47
230,4.935,11.387,5.032,11.425,5.1282000000000005,11.3608
231,4.925,11.39,4.962,11.504,5.16,11.442
232,4.890000000000001,11.535559999999998,5.018,11.429,5.13,11.39
233,5.015,11.407,5.111999999999999,11.445,5.2682,11.5808
234,4.885,11.370000000000001,4.942,11.443999999999999,5.140000000000001,11.462
235,4.970000000000001,11.535559999999998,5.077999999999999,11.449000000000002,5.29,11.51
236,4.955,11.347,5.032,11.365,5.1882,11.4408
237,4.965,11.35,4.962,11.443999999999999,5.22,11.521999999999998
238,4.890000000000001,11.495559999999998,5.058,11.289000000000001,5.23,11.39
239,5.035,11.427,5.071999999999999,11.385000000000002,5.3282,11.4808
240,4.945,11.35,4.922,11.283999999999999,5.140000000000001,11.382
241,5.03,11.615559999999999,5.098,11.329,5.37,11.39
242,5.015,11.347,5.032,11.265,5.1882,11.3408
243,5.0649999999999995,11.43,5.021999999999999,11.424,5.239999999999999,11.421999999999999
244,5.010000000000001,11.455559999999998,5.058,11.229000000000001,5.17,11.41
245,5.095,11.367,5.071999999999999,11.345,5.3282,11.4408
246,5.025,11.370000000000001,4.922,11.324,5.1,11.382
247,5.03,11.555559999999998,5.058,11.369000000000002,5.29,11.450000000000001
248,5.015,11.367,5.032,11.285,5.1282000000000005,11.2808
249,5.025,11.41,4.981999999999999,11.404,5.16,11.402
250,4.99,11.515559999999999,4.998,11.309000000000001,5.21,11.31
251,5.055,11.407,5.071999999999999,11.385000000000002,5.2482,11.4208
252,4.925,11.370000000000001,4.882,11.344,5.0600000000000005,11.222
253,4.970000000000001,11.535559999999998,5.058,11.429,5.21,11.290000000000001
254,4.955,11.327,4.992,11.345,5.1482,11.2808
255,5.005,11.35,4.942,11.463999999999999,5.08,11.402
256,4.95,11.435559999999999,4.958,11.329,5.13,11.290000000000001
257,5.114999999999999,11.327,4.9719999999999995,11.405000000000001,5.1082,11.3808
258,4.965,11.21,4.882,11.383999999999999,5.0,11.282
259,4.99,11.395559999999998,5.038,11.429,5.1899999999999995,11.41
260,4.995,11.207,4.992,11.325000000000001,5.1482,11.2808
261,5.025,11.21,4.962,11.443999999999999,5.1,11.421999999999999
262,4.99,11.355559999999999,5.018,11.289000000000001,5.13,11.33
263,5.114999999999999,11.227,5.052,11.405000000000001,5.208200000000001,11.4608
264,5.005,11.21,4.942,11.303999999999998,4.94,11.341999999999999
265,5.07,11.415559999999997,5.077999999999999,11.389000000000001,5.21,11.450000000000001
266,5.075,11.207,5.032,11.345,5.1282000000000005,11.3808
267,5.085,11.21,4.981999999999999,11.443999999999999,5.16,11.402
268,5.03,11.355559999999999,5.058,11.349,5.21,11.370000000000001
269,5.135,11.267,5.092,11.425,5.2482,11.4408
270,5.0649999999999995,11.25,4.922,11.383999999999999,5.140000000000001,11.382
271,5.130000000000001,11.415559999999997,5.098,11.429,5.27,11.450000000000001
272,5.095,11.207,5.092,11.445,5.1282000000000005,11.4208
273,5.085,11.25,5.002,11.543999999999999,5.18,11.442
274,5.010000000000001,11.375559999999998,5.058,11.349,5.21,11.41
275,5.154999999999999,11.247,5.132,11.485000000000001,5.2282,11.4408
276,4.925,11.25,4.981999999999999,11.383999999999999,5.1,11.362
277,5.010000000000001,11.395559999999998,5.138,11.429,5.27,11.43
278,4.955,11.247,5.052,11.385000000000002,5.1882,11.3808
279,5.025,11.25,5.042,11.504,5.18,11.421999999999999
280,4.970000000000001,11.395559999999998,5.077999999999999,11.389000000000001,5.1899999999999995,11.35
281,5.114999999999999,11.347,5.092,11.525,5.208200000000001,11.4008
282,4.925,11.290000000000001,4.981999999999999,11.404,5.12,11.341999999999999
283,5.03,11.475559999999998,5.117999999999999,11.389000000000001,5.23,11.370000000000001
284,4.955,11.287,5.111999999999999,11.385000000000002,5.1882,11.3608
285,5.005,11.31,5.062,11.424,5.16,11.362
286,4.87,11.395559999999998,5.138,11.369000000000002,5.21,11.31
287,5.035,11.267,5.152,11.485000000000001,5.2282,11.3608
288,4.925,11.19,5.002,11.404,5.140000000000001,11.302
289,4.970000000000001,11.455559999999998,5.158,11.409,5.27,11.31
290,4.935,11.307,5.132,11.385000000000002,5.1882,11.3008
291,4.945,11.370000000000001,5.062,11.424,5.18,11.341999999999999
292,4.87,11.495559999999998,5.138,11.349,5.23,11.290000000000001
293,5.035,11.387,5.152,11.385000000000002,5.2882,11.3408
294,4.885,11.35,5.062,11.404,5.1,11.302
295,4.99,11.515559999999999,5.178,11.389000000000001,5.29,11.370000000000001
296,4.975,11.287,5.172,11.385000000000002,5.2282,11.3208
297,5.005,11.31,5.101999999999999,11.404,5.22,11.341999999999999
298,4.930000000000001,11.455559999999998,5.117999999999999,11.329,5.23,11.290000000000001
299,5.035,11.307,5.191999999999999,11.385000000000002,5.2882,11.3408
300,4.945,11.31,5.021999999999999,11.383999999999999,5.140000000000001,11.302
301,4.99,11.535559999999998,5.158,11.389000000000001,5.23,11.35
302,4.995,11.327,5.152,11.345,5.1682,11.3208
303,5.005,11.39,5.062,11.424,5.16,11.362
304,4.890000000000001,11.535559999999998,5.158,11.329,5.21,11.33
305,5.035,11.387,5.152,11.445,5.2482,11.3608
306,4.905,11.370000000000001,5.062,11.363999999999999,5.1,11.282
307,4.95,11.535559999999998,5.158,11.389000000000001,5.25,11.370000000000001
308,4.955,11.347,5.132,11.385000000000002,5.1882,11.2808
309,4.965,11.35,5.082,11.404,5.140000000000001,11.322
310,4.890000000000001,11.495559999999998,5.098,11.309000000000001,5.17,11.25
311,5.075,11.367,5.132,11.325000000000001,5.208200000000001,11.3408
312,4.905,11.370000000000001,4.981999999999999,11.303999999999998,5.1,11.282
313,4.970000000000001,11.515559999999999,5.077999999999999,11.349,5.21,11.290000000000001
314,5.015,11.367,5.071999999999999,11.305000000000001,5.1682,11.3008
315,5.005,11.370000000000001,5.021999999999999,11.404,5.140000000000001,11.302
316,4.970000000000001,11.515559999999999,5.117999999999999,11.369000000000002,5.21,11.25
317,5.114999999999999,11.367,5.111999999999999,11.425,5.2682,11.3208
318,5.005,11.370000000000001,4.962,11.404,5.18,11.241999999999999
319,5.05,11.515559999999999,5.158,11.469000000000001,5.329999999999999,11.31
320,5.095,11.307,5.052,11.425,5.2682,11.2808
321,5.0649999999999995,11.35,5.042,11.463999999999999,5.239999999999999,11.362
322,4.99,11.435559999999999,5.038,11.369000000000002,5.25,11.33
323,5.095,11.287,5.132,11.485000000000001,5.2682,11.4008
324,5.025,11.290000000000001,4.962,11.463999999999999,5.16,11.362
325,5.05,11.515559999999999,5.178,11.489,5.329999999999999,11.39
326,5.035,11.287,5.071999999999999,11.465000000000002,5.2282,11.3608
327,5.025,11.35,5.042,11.524,5.22,11.382
328,4.99,11.475559999999998,5.098,11.469000000000001,5.25,11.33
329,5.075,11.347,5.111999999999999,11.505,5.2882,11.3808
330,4.985,11.35,5.021999999999999,11.363999999999999,5.2,11.362
331,4.99,11.495559999999998,5.117999999999999,11.449000000000002,5.35,11.41
332,5.015,11.307,5.052,11.405000000000001,5.2682,11.3408
333,5.025,11.39,5.002,11.463999999999999,5.239999999999999,11.402
334,4.970000000000001,11.495559999999998,5.058,11.389000000000001,5.31,11.33
335,5.075,11.387,5.092,11.425,5.3482,11.3808
336,4.985,11.39,4.962,11.443999999999999,5.22,11.322
337,5.03,11.555559999999998,5.138,11.469000000000001,5.39,11.370000000000001
338,5.035,11.347,5.111999999999999,11.425,5.3282,11.3208
339,5.045,11.39,5.042,11.484,5.3,11.362
340,4.99,11.515559999999999,5.117999999999999,11.429,5.329999999999999,11.33
341,5.095,11.387,5.132,11.445,5.3882,11.4208
342,5.005,11.39,5.002,11.424,5.26,11.261999999999999
343,5.03,11.535559999999998,5.117999999999999,11.509,5.43,11.35
344,5.055,11.347,5.052,11.485000000000001,5.3882,11.3208
345,5.0649999999999995,11.39,5.021999999999999,11.524,5.34,11.341999999999999
346,5.010000000000001,11.535559999999998,5.058,11.429,5.329999999999999,11.290000000000001
347,5.135,11.407,5.071999999999999,11.485000000000001,5.4082,11.3208
348,5.0649999999999995,11.39,4.962,11.463999999999999,5.28,11.261999999999999
349,5.09,11.535559999999998,5.117999999999999,11.469000000000001,5.45,11.35
350,5.114999999999999,11.347,5.092,11.405000000000001,5.3682,11.3208
351,5.0649999999999995,11.370000000000001,5.021999999999999,11.463999999999999,5.36,11.362
352,5.05,11.495559999999998,5.058,11.389000000000001,5.43,11.33
353,5.135,11.387,5.132,11.485000000000001,5.5282,11.3808
354,5.045,11.35,4.942,11.484,5.4,11.282
355,5.05,11.515559999999999,5.077999999999999,11.469000000000001,5.529999999999999,11.41
356,5.075,11.367,4.992,11.385000000000002,5.3482,11.3208
357,5.045,11.370000000000001,4.922,11.484,5.38,11.322
358,5.03,11.475559999999998,4.998,11.389000000000001,5.41,11.290000000000001
359,5.095,11.367,5.032,11.445,5.4482,11.3008
360,5.045,11.35,4.882,11.443999999999999,5.28,11.261999999999999
361,5.03,11.495559999999998,4.998,11.449000000000002,5.43,11.33
362,5.095,11.327,4.992,11.445,5.3882,11.3008
363,5.0649999999999995,11.33,4.942,11.504,5.36,11.341999999999999
364,5.03,11.475559999999998,4.998,11.469000000000001,5.37,11.31
365,5.114999999999999,11.327,5.032,11.505,5.4082,11.3408
366,5.045,11.33,4.862,11.484,5.28,11.282
367,5.03,11.475559999999998,5.058,11.469000000000001,5.43,11.31
368,5.075,11.267,4.992,11.445,5.3482,11.3008
369,5.0649999999999995,11.35,4.962,11.463999999999999,5.3,11.302
370,5.03,11.475559999999998,4.998,11.389000000000001,5.39,11.290000000000001
371,5.154999999999999,11.347,5.032,11.465000000000002,5.4082,11.3208
372,5.085,11.27,4.882,11.484,5.32,11.282
373,5.11,11.435559999999999,5.018,11.509,5.45,11.35
374,5.114999999999999,11.267,4.9719999999999995,11.485000000000001,5.4082,11.3408
375,5.1049999999999995,11.35,4.902,11.543999999999999,5.36,11.341999999999999
376,5.07,11.415559999999997,4.998,11.449000000000002,5.43,11.33
377,5.154999999999999,11.347,5.071999999999999,11.505,5.4482,11.3608
378,5.085,11.31,4.922,11.504,5.34,11.322
379,5.11,11.455559999999998,5.038,11.489,5.45,11.370000000000001
380,5.175,11.247,5.012,11.465000000000002,5.4082,11.3608
381,5.165,11.25,4.981999999999999,11.524,5.36,11.362
382,5.09,11.395559999999998,4.998,11.449000000000002,5.41,11.33
383,5.195,11.247,5.012,11.485000000000001,5.4082,11.3808
384,5.1049999999999995,11.23,4.882,11.463999999999999,5.3,11.322
385,5.11,11.415559999999997,5.018,11.449000000000002,5.41,11.370000000000001
386,5.135,11.227,4.9719999999999995,11.425,5.3682,11.3408
387,5.1049999999999995,11.31,4.902,11.504,5.34,11.362
388,5.07,11.415559999999997,4.958,11.429,5.39,11.35
389,5.135,11.267,4.952,11.465000000000002,5.4082,11.3608
390,5.0649999999999995,11.23,4.862,11.443999999999999,5.32,11.322
391,5.05,11.435559999999999,4.958,11.449000000000002,5.41,11.370000000000001
392,5.114999999999999,11.267,4.9319999999999995,11.405000000000001,5.3682,11.3408
393,5.085,11.290000000000001,4.842,11.484,5.32,11.382
394,5.05,11.375559999999998,4.938,11.409,5.37,11.33
395,5.154999999999999,11.287,4.952,11.445,5.4282,11.4008
396,5.045,11.27,4.862,11.463999999999999,5.32,11.302
397,5.07,11.435559999999999,4.978,11.429,5.43,11.33
398,5.075,11.247,4.9719999999999995,11.445,5.3682,11.3208
399,5.0649999999999995,11.27,4.902,11.463999999999999,5.32,11.341999999999999
400,5.010000000000001,11.395559999999998,4.978,11.409,5.39,11.31
401,5.135,11.247,4.992,11.445,5.3682,11.3408
402,5.045,11.25,4.842,11.443999999999999,5.3,11.282
403,5.07,11.395559999999998,4.978,11.449000000000002,5.41,11.31
404,5.135,11.247,4.952,11.425,5.308199999999999,11.3008
405,5.125,11.25,4.862,11.504,5.3,11.302
406,5.09,11.355559999999999,4.958,11.429,5.37,11.290000000000001
407,5.154999999999999,11.267,4.992,11.445,5.3682,11.3408
408,5.1049999999999995,11.21,4.862,11.424,5.26,11.302
409,5.09,11.375559999999998,4.998,11.429,5.37,11.33
410,5.135,11.207,4.992,11.405000000000001,5.2882,11.3208
411,5.125,11.23,4.902,11.463999999999999,5.239999999999999,11.302
412,5.09,11.295559999999998,4.998,11.429,5.31,11.290000000000001
413,5.154999999999999,11.227,5.032,11.445,5.3282,11.3008
414,5.085,11.21,4.922,11.463999999999999,5.22,11.282
415,5.130000000000001,11.355559999999999,5.018,11.449000000000002,5.329999999999999,11.290000000000001
416,5.195,11.207,4.992,11.445,5.2482,11.2808
417,5.1450000000000005,11.25,4.962,11.524,5.239999999999999,11.302
418,5.07,11.395559999999998,4.998,11.429,5.31,11.27
419,5.135,11.247,5.012,11.445,5.308199999999999,11.3008
420,5.0649999999999995,11.25,4.922,11.463999999999999,5.2,11.261999999999999
421,5.11,11.395559999999998,5.018,11.469000000000001,5.31,11.290000000000001
422,5.114999999999999,11.247,4.992,11.465000000000002,5.2282,11.3008
423,5.1049999999999995,11.27,4.902,11.504,5.22,11.302
424,5.05,11.355559999999999,4.998,11.449000000000002,5.25,11.290000000000001
425,5.154999999999999,11.267,5.032,11.465000000000002,5.2882,11.3208
426,5.085,11.25,4.902,11.463999999999999,5.18,11.302
427,5.07,11.415559999999997,4.998,11.449000000000002,5.31,11.33
428,5.135,11.247,4.9719999999999995,11.445,5.2482,11.3208
429,5.125,11.290000000000001,4.902,11.484,5.26,11.322
430,5.07,11.335559999999997,4.998,11.449000000000002,5.31,11.290000000000001
431,5.154999999999999,11.287,5.012,11.465000000000002,5.308199999999999,11.3408
432,5.085,11.19,4.882,11.463999999999999,5.2,11.302
433,5.15,11.375559999999998,5.018,11.449000000000002,5.329999999999999,11.33
434,5.135,11.227,4.992,11.425,5.208200000000001,11.3208
435,5.1450000000000005,11.23,4.922,11.463999999999999,5.239999999999999,11.322
436,5.09,11.355559999999999,4.998,11.409,5.23,11.290000000000001
437,5.195,11.287,5.071999999999999,11.465000000000002,5.2482,11.3208
438,5.125,11.19,4.942,11.463999999999999,5.140000000000001,11.282
439,5.15,11.395559999999998,5.038,11.449000000000002,5.29,11.31
440,5.195,11.247,5.012,11.445,5.2282,11.3008
441,5.165,11.33,4.942,11.484,5.22,11.282
442,5.11,11.435559999999999,5.038,11.449000000000002,5.25,11.27
443,5.195,11.287,5.032,11.465000000000002,5.2682,11.3008
444,5.085,11.290000000000001,4.902,11.463999999999999,5.140000000000001,11.261999999999999
445,5.15,11.435559999999999,5.038,11.449000000000002,5.29,11.27
446,5.195,11.267,4.9719999999999995,11.465000000000002,5.208200000000001,11.2808
447,5.1450000000000005,11.31,4.902,11.504,5.22,11.282
448,5.07,11.415559999999997,4.998,11.449000000000002,5.27,11.290000000000001
449,5.175,11.267,5.012,11.485000000000001,5.2882,11.3008
450,5.125,11.27,4.902,11.504,5.18,11.282
451,5.11,11.415559999999997,5.058,11.469000000000001,5.35,11.31
452,5.175,11.267,5.032,11.485000000000001,5.2882,11.2808
453,5.125,11.31,4.942,11.524,5.28,11.302
454,5.11,11.415559999999997,5.038,11.469000000000001,5.35,11.27
455,5.175,11.307,5.071999999999999,11.505,5.3482,11.3008
456,5.1049999999999995,11.27,4.962,11.524,5.26,11.261999999999999
457,5.11,11.455559999999998,5.058,11.509,5.39,11.290000000000001
458,5.135,11.267,5.052,11.525,5.3282,11.2808
459,5.085,11.290000000000001,5.021999999999999,11.543999999999999,5.3,11.261999999999999
460,5.07,11.435559999999999,5.038,11.509,5.329999999999999,11.27
461,5.195,11.327,5.052,11.525,5.308199999999999,11.3008
462,5.125,11.31,4.962,11.463999999999999,5.239999999999999,11.282
463,5.11,11.475559999999998,5.098,11.469000000000001,5.329999999999999,11.33
464,5.135,11.287,5.032,11.465000000000002,5.308199999999999,11.3208
465,5.1450000000000005,11.33,4.962,11.484,5.28,11.341999999999999
466,5.11,11.475559999999998,5.018,11.429,5.35,11.35
467,5.195,11.327,5.032,11.465000000000002,5.3482,11.3608
468,5.0649999999999995,11.27,4.922,11.443999999999999,5.22,11.341999999999999
469,5.09,11.495559999999998,5.077999999999999,11.449000000000002,5.35,11.35
470,5.135,11.307,5.052,11.425,5.308199999999999,11.3608
471,5.125,11.31,5.021999999999999,11.463999999999999,5.239999999999999,11.362
472,5.09,11.375559999999998,5.077999999999999,11.389000000000001,5.31,11.370000000000001
473,5.154999999999999,11.267,5.111999999999999,11.445,5.2882,11.4008
474,5.085,11.27,4.962,11.443999999999999,5.18,11.382
475,5.11,11.415559999999997,5.077999999999999,11.449000000000002,5.31,11.39
476,5.135,11.247,5.052,11.445,5.2682,11.4008
477,5.1049999999999995,11.31,5.002,11.463999999999999,5.2,11.402
478,5.03,11.455559999999998,5.098,11.369000000000002,5.27,11.41
479,5.175,11.307,5.092,11.405000000000001,5.2682,11.4208
480,5.1049999999999995,11.290000000000001,4.981999999999999,11.424,5.18,11.402
481,5.09,11.475559999999998,5.098,11.409,5.29,11.41
482,5.114999999999999,11.287,5.071999999999999,11.405000000000001,5.2682,11.3808
483,5.1049999999999995,11.31,4.981999999999999,11.484,5.2,11.382
484,5.07,11.435559999999999,5.077999999999999,11.429,5.25,11.370000000000001
485,5.154999999999999,11.307,5.071999999999999,11.485000000000001,5.2882,11.4208
486,5.1049999999999995,11.31,4.981999999999999,11.443999999999999,5.16,11.341999999999999
487,5.11,11.475559999999998,5.098,11.449000000000002,5.31,11.35
488,5.114999999999999,11.327,5.071999999999999,11.425,5.208200000000001,11.3408
489,5.085,11.33,5.002,11.524,5.18,11.362
490,5.07,11.475559999999998,5.098,11.429,5.23,11.35
491,5.135,11.327,5.092,11.465000000000002,5.2482,11.4008
492,5.0649999999999995,11.31,5.002,11.443999999999999,5.12,11.362
493,5.05,11.475559999999998,5.098,11.449000000000002,5.27,11.43
494,5.095,11.307,5.092,11.425,5.2282,11.3808
495,5.045,11.33,5.021999999999999,11.504,5.2,11.362
496,5.03,11.475559999999998,5.077999999999999,11.389000000000001,5.27,11.35
497,5.095,11.327,5.111999999999999,11.485000000000001,5.2482,11.4008
498,5.045,11.31,5.002,11.484,5.18,11.362
499,5.05,11.455559999999998,5.098,11.469000000000001,5.31,11.39